NOACTIVITY	0.000000	2.860000
Music	2.860000	20.860000
NOACTIVITY	20.880000	25.360000
Music	25.360000	33.580000
NOACTIVITY	33.600000	35.480000
Music	35.480000	42.740000
NOACTIVITY	42.760000	43.220000
Music	43.220000	58.520000
Female	58.520000	65.160000
Music	65.180000	76.060000
Male	76.060000	80.080000
Music	80.100000	83.480000
Male	83.480000	86.820000
Music	86.840000	117.700000
Male	117.700000	120.920000
Music	120.940000	184.260000
Female	184.260000	185.160000
NOACTIVITY	185.200000	186.500000
Female	186.500000	187.560000
NOACTIVITY	187.600000	188.880000
Music	188.880000	207.120000
NOACTIVITY	207.140000	208.100000
Music	208.100000	209.800000
NOACTIVITY	209.820000	210.340000
Female	210.340000	215.740000
NOACTIVITY	215.780000	216.520000
Female	216.520000	217.300000
NOACTIVITY	217.340000	218.520000
Female	218.520000	220.440000
NOACTIVITY	220.480000	222.020000
Female	222.020000	223.460000
NOACTIVITY	223.500000	224.300000
Female	224.300000	226.240000
Male	226.240000	231.320000
Female	231.320000	238.520000
Music	238.540000	257.400000
NOACTIVITY	257.420000	259.580000
Male	259.580000	261.660000
Music	261.680000	270.220000
NOACTIVITY	270.240000	274.160000
Music	274.160000	284.960000
NOACTIVITY	284.980000	285.800000
Male	285.800000	288.700000
Music	288.720000	291.200000
Male	291.200000	293.000000
Music	293.020000	302.320000
NOACTIVITY	302.340000	303.880000
Music	303.880000	336.300000
Male	336.300000	345.240000
NOACTIVITY	345.280000	349.600000
Female	349.600000	351.760000
NOACTIVITY	351.800000	354.840000
Female	354.840000	355.680000
NOACTIVITY	355.720000	357.000000
Female	357.000000	357.400000
NOACTIVITY	357.440000	358.620000
Female	358.620000	378.640000
Music	378.660000	396.720000
Female	396.720000	397.580000
Male	397.580000	398.920000
Music	398.940000	440.680000
Female	440.680000	443.060000
Music	443.080000	449.960000
Male	449.960000	461.400000
Female	461.400000	463.020000
Male	463.020000	467.560000
NOACTIVITY	467.600000	468.980000
Male	468.980000	470.500000
Female	470.500000	476.860000
Male	476.860000	481.420000
Female	481.420000	485.220000
Music	485.240000	488.900000
Female	488.900000	499.100000
Music	499.120000	522.440000
Female	522.440000	540.140000
Music	540.160000	549.700000
NOACTIVITY	549.720000	550.780000
Music	550.780000	552.100000
NOACTIVITY	552.120000	554.100000
Female	554.100000	556.900000
Music	556.920000	560.700000
Female	560.700000	563.660000
NOACTIVITY	563.700000	564.200000
Female	564.200000	565.240000
NOACTIVITY	565.280000	566.060000
Female	566.060000	584.380000
NOACTIVITY	584.420000	584.880000
Female	584.880000	587.060000
NOACTIVITY	587.100000	587.800000
Female	587.800000	588.660000
NOACTIVITY	588.700000	589.760000
Female	589.760000	591.460000
Music	591.480000	601.760000
NOACTIVITY	601.780000	603.080000
Female	603.080000	603.360000
NOACTIVITY	603.400000	604.560000
Male	604.560000	604.960000
NOACTIVITY	605.000000	605.620000
Male	605.620000	606.040000
NOACTIVITY	606.080000	608.360000
Male	608.360000	608.680000
NOACTIVITY	608.720000	610.660000
Music	610.660000	710.040000
NOACTIVITY	710.060000	710.660000
Male	710.660000	718.420000
Female	718.420000	720.920000
Male	720.920000	729.140000
Music	729.160000	734.660000
NOACTIVITY	734.680000	735.360000
Male	735.360000	735.600000
NOACTIVITY	735.640000	736.220000
Male	736.220000	737.900000
NOACTIVITY	737.940000	738.420000
Male	738.420000	743.720000
NOACTIVITY	743.760000	744.460000
Male	744.460000	751.380000
NOACTIVITY	751.420000	752.240000
Female	752.240000	755.860000
NOACTIVITY	755.900000	756.700000
Male	756.700000	757.200000
NOACTIVITY	757.240000	757.640000
Male	757.640000	758.100000
Female	758.100000	759.640000
NOACTIVITY	759.680000	760.340000
Male	760.340000	761.360000
NOACTIVITY	761.400000	761.860000
Male	761.860000	765.460000
NOACTIVITY	765.500000	766.260000
Male	766.260000	766.860000
NOACTIVITY	766.900000	767.780000
Male	767.780000	768.620000
NOACTIVITY	768.660000	769.220000
Male	769.220000	770.180000
NOACTIVITY	770.220000	770.620000
Male	770.620000	773.620000
NOACTIVITY	773.660000	775.460000
Male	775.460000	797.520000
NOACTIVITY	797.560000	798.480000
Music	798.480000	813.000000
Female	813.000000	814.880000
NOACTIVITY	814.920000	815.520000
Female	815.520000	815.820000
NOACTIVITY	815.860000	816.260000
Male	816.260000	816.540000
NOACTIVITY	816.580000	819.620000
Female	819.620000	821.220000
NOACTIVITY	821.260000	822.180000
Female	822.180000	823.940000
NOACTIVITY	823.980000	825.380000
Female	825.380000	829.020000
NOACTIVITY	829.060000	831.280000
Male	831.280000	833.800000
Female	833.800000	851.800000
Music	851.820000	853.540000
Male	853.540000	860.140000
Female	860.140000	867.100000
Music	867.120000	887.260000
NOACTIVITY	887.280000	887.860000
Music	887.860000	897.760000
Male	897.760000	900.320000
NOACTIVITY	900.360000	901.600000
Male	901.600000	901.800000
NOACTIVITY	901.840000	903.380000
Male	903.380000	903.680000
NOACTIVITY	903.720000	906.860000
Male	906.860000	908.340000
NOACTIVITY	908.380000	909.280000
Male	909.280000	909.760000
NOACTIVITY	909.800000	912.940000
Music	912.940000	913.780000
NOACTIVITY	913.800000	914.680000
Music	914.680000	932.640000
NOACTIVITY	932.660000	934.120000
Female	934.120000	935.440000
NOACTIVITY	935.480000	935.960000
Female	935.960000	940.780000
NOACTIVITY	940.820000	941.320000
Music	941.320000	943.440000
NOACTIVITY	943.460000	944.360000
Female	944.360000	945.040000
Male	945.040000	945.540000
Music	945.560000	963.120000
NOACTIVITY	963.140000	963.580000
Male	963.580000	964.780000
NOACTIVITY	964.820000	965.840000
Male	965.840000	969.400000
Music	969.420000	972.880000
Male	972.880000	980.060000
Music	980.080000	984.840000
Female	984.840000	986.740000
Music	986.760000	1017.420000
Male	1017.420000	1021.120000
Music	1021.140000	1066.640000
NOACTIVITY	1066.660000	1071.740000
Male	1071.740000	1072.840000
NOACTIVITY	1072.880000	1078.420000
Music	1078.420000	1080.200000
NOACTIVITY	1080.220000	1081.660000
Male	1081.660000	1083.900000
NOACTIVITY	1083.940000	1087.400000
Music	1087.400000	1090.160000
NOACTIVITY	1090.180000	1093.020000
Music	1093.020000	1097.380000
NOACTIVITY	1097.400000	1098.340000
Music	1098.340000	1106.240000
NOACTIVITY	1106.260000	1107.880000
Music	1107.880000	1109.140000
NOACTIVITY	1109.160000	1110.120000
Music	1110.120000	1113.040000
NOACTIVITY	1113.060000	1114.680000
Music	1114.680000	1118.820000
NOACTIVITY	1118.840000	1119.560000
Music	1119.560000	1119.860000
NOACTIVITY	1119.880000	1122.240000
Music	1122.240000	1122.560000
NOACTIVITY	1122.580000	1123.480000
Music	1123.480000	1149.800000
NOACTIVITY	1149.820000	1150.340000
Music	1150.340000	1188.140000
Male	1188.140000	1194.760000
Music	1194.780000	1213.700000
Male	1213.700000	1224.540000
NOACTIVITY	1224.580000	1225.760000
Music	1225.760000	1236.840000
Male	1236.840000	1241.160000
NOACTIVITY	1241.200000	1244.280000
Music	1244.280000	1254.380000
NOACTIVITY	1254.400000	1260.060000
Female	1260.060000	1260.700000
NOACTIVITY	1260.740000	1261.500000
Female	1261.500000	1263.800000
Male	1263.800000	1267.420000
Female	1267.420000	1269.720000
Music	1269.740000	1277.620000
Female	1277.620000	1278.880000
Male	1278.880000	1287.700000
Female	1287.700000	1289.460000
Music	1289.480000	1302.400000
Male	1302.400000	1306.440000
Female	1306.440000	1307.720000
Music	1307.740000	1322.980000
Male	1322.980000	1326.020000
Female	1326.020000	1328.500000
NOACTIVITY	1328.540000	1329.020000
Music	1329.020000	1331.260000
Female	1331.260000	1336.360000
Music	1336.380000	1338.740000
Male	1338.740000	1342.260000
Female	1342.260000	1345.440000
Music	1345.460000	1351.100000
NOACTIVITY	1351.120000	1351.660000
Music	1351.660000	1354.180000
NOACTIVITY	1354.200000	1354.960000
Music	1354.960000	1358.760000
NOACTIVITY	1358.780000	1359.480000
Music	1359.480000	1364.840000
NOACTIVITY	1364.860000	1365.700000
Music	1365.700000	1439.400000
Male	1439.400000	1451.960000
Music	1451.980000	1480.720000
NOACTIVITY	1480.740000	1481.260000
Female	1481.260000	1483.160000
Male	1483.160000	1485.720000
Female	1485.720000	1487.580000
Male	1487.580000	1489.600000
Female	1489.600000	1493.380000
NOACTIVITY	1493.420000	1494.060000
Female	1494.060000	1495.560000
NOACTIVITY	1495.600000	1496.200000
Female	1496.200000	1496.860000
Male	1496.860000	1498.600000
Female	1498.600000	1504.300000
Male	1504.300000	1506.000000
Female	1506.000000	1508.200000
Male	1508.200000	1511.460000
Female	1511.460000	1533.620000
Male	1533.620000	1539.000000
Female	1539.000000	1541.800000
NOACTIVITY	1541.840000	1542.740000
Male	1542.740000	1552.340000
Music	1552.360000	1571.880000
Female	1571.880000	1573.180000
Male	1573.180000	1591.220000
Female	1591.220000	1592.980000
Male	1592.980000	1598.380000
Music	1598.400000	1612.800000
Female	1612.800000	1613.900000
Male	1613.900000	1627.620000
NOACTIVITY	1627.660000	1628.060000
Music	1628.060000	1628.440000
NOACTIVITY	1628.460000	1629.420000
Female	1629.420000	1631.420000
Male	1631.420000	1635.860000
Music	1635.880000	1661.160000
Male	1661.160000	1665.520000
Music	1665.540000	1667.580000
Male	1667.580000	1682.560000
Female	1682.560000	1684.740000
Male	1684.740000	1704.120000
Music	1704.140000	1776.760000
Male	1776.760000	1780.100000
Female	1780.100000	1787.340000
Music	1787.360000	1799.040000
Male	1799.040000	1801.820000
Music	1801.840000	1817.980000
Female	1817.980000	1820.060000
NOACTIVITY	1820.100000	1821.800000
Female	1821.800000	1822.660000
NOACTIVITY	1822.700000	1823.200000
Male	1823.200000	1830.980000
NOACTIVITY	1831.020000	1832.060000
Male	1832.060000	1837.100000
Music	1837.120000	1889.540000
Female	1889.540000	1894.520000
NOACTIVITY	1894.560000	1895.320000
Female	1895.320000	1897.200000
NOACTIVITY	1897.240000	1897.840000
Female	1897.840000	1899.320000
NOACTIVITY	1899.360000	1900.780000
Female	1900.780000	1902.220000
NOACTIVITY	1902.260000	1902.920000
Male	1902.920000	1903.220000
NOACTIVITY	1903.260000	1903.900000
Female	1903.900000	1904.520000
NOACTIVITY	1904.560000	1905.580000
Female	1905.580000	1907.000000
NOACTIVITY	1907.040000	1908.000000
Female	1908.000000	1913.020000
NOACTIVITY	1913.060000	1913.600000
Male	1913.600000	1914.020000
NOACTIVITY	1914.060000	1914.540000
Music	1914.540000	1916.580000
Female	1916.580000	1918.200000
NOACTIVITY	1918.240000	1919.100000
Female	1919.100000	1919.540000
NOACTIVITY	1919.580000	1923.860000
Female	1923.860000	1930.020000
NOACTIVITY	1930.060000	1930.620000
Female	1930.620000	1931.060000
NOACTIVITY	1931.100000	1931.640000
Female	1931.640000	1933.180000
NOACTIVITY	1933.220000	1935.440000
Female	1935.440000	1936.180000
NOACTIVITY	1936.220000	1942.860000
Music	1942.860000	1965.880000
Male	1965.880000	1969.620000
Female	1969.620000	1972.240000
Male	1972.240000	1974.440000
Female	1974.440000	1975.900000
Male	1975.900000	1980.300000
Music	1980.320000	1990.040000
Male	1990.040000	2005.100000
Female	2005.100000	2009.400000
Male	2009.400000	2011.620000
Music	2011.640000	2018.180000
Female	2018.180000	2020.100000
Male	2020.100000	2034.680000
Music	2034.700000	2044.520000
Male	2044.520000	2051.020000
Female	2051.020000	2055.220000
Male	2055.220000	2060.600000
Music	2060.620000	2072.520000
Female	2072.520000	2074.200000
Male	2074.200000	2077.800000
Female	2077.800000	2080.460000
Music	2080.480000	2091.400000
Female	2091.400000	2093.220000
Music	2093.240000	2120.460000
Male	2120.460000	2129.360000
Female	2129.360000	2131.620000
Male	2131.620000	2136.520000
Female	2136.520000	2139.060000
Male	2139.060000	2144.740000
Music	2144.760000	2195.500000
Female	2195.500000	2198.540000
Male	2198.540000	2202.160000
Female	2202.160000	2205.920000
Male	2205.920000	2211.180000
Female	2211.180000	2214.620000
Male	2214.620000	2225.380000
Female	2225.380000	2228.300000
Male	2228.300000	2235.760000
Music	2235.780000	2239.680000
Male	2239.680000	2244.760000
Music	2244.780000	2250.440000
Female	2250.440000	2252.020000
Male	2252.020000	2253.680000
Female	2253.680000	2255.800000
Music	2255.820000	2259.400000
Male	2259.400000	2266.600000
NOACTIVITY	2266.640000	2267.240000
Male	2267.240000	2271.640000
Music	2271.660000	2315.080000
Male	2315.080000	2341.760000
Music	2341.780000	2359.440000
Female	2359.440000	2361.140000
Music	2361.160000	2468.620000
Female	2468.620000	2473.860000
NOACTIVITY	2473.900000	2474.840000
Male	2474.840000	2475.620000
NOACTIVITY	2475.660000	2478.500000
Male	2478.500000	2479.580000
NOACTIVITY	2479.620000	2485.420000
Music	2485.420000	2491.920000
NOACTIVITY	2491.940000	2492.700000
Music	2492.700000	2493.620000
Female	2493.620000	2501.520000
Music	2501.540000	2504.760000
Male	2504.760000	2509.340000
Music	2509.360000	2552.080000
NOACTIVITY	2552.100000	2552.560000
Male	2552.560000	2559.540000
NOACTIVITY	2559.580000	2560.560000
Male	2560.560000	2564.360000
Female	2564.360000	2567.920000
Male	2567.920000	2573.840000
NOACTIVITY	2573.880000	2574.440000
Male	2574.440000	2581.260000
Female	2581.260000	2584.080000
NOACTIVITY	2584.120000	2584.820000
Male	2584.820000	2591.560000
NOACTIVITY	2591.600000	2593.080000
Female	2593.080000	2593.860000
NOACTIVITY	2593.900000	2594.840000
Male	2594.840000	2595.080000
NOACTIVITY	2595.120000	2596.680000
Female	2596.680000	2596.960000
NOACTIVITY	2597.000000	2597.840000
Male	2597.840000	2600.040000
NOACTIVITY	2600.080000	2601.060000
Male	2601.060000	2602.460000
NOACTIVITY	2602.500000	2603.340000
Male	2603.340000	2606.000000
NOACTIVITY	2606.040000	2608.920000
Female	2608.920000	2610.420000
NOACTIVITY	2610.460000	2611.740000
Female	2611.740000	2612.620000
NOACTIVITY	2612.660000	2620.540000
Male	2620.540000	2620.780000
NOACTIVITY	2620.820000	2621.280000
Male	2621.280000	2622.300000
NOACTIVITY	2622.340000	2623.220000
Male	2623.220000	2623.700000
NOACTIVITY	2623.740000	2624.880000
Male	2624.880000	2629.100000
NOACTIVITY	2629.140000	2629.800000
Female	2629.800000	2631.820000
Male	2631.820000	2633.400000
NOACTIVITY	2633.440000	2635.820000
Male	2635.820000	2647.700000
Female	2647.700000	2649.180000
Male	2649.180000	2653.340000
Music	2653.360000	2667.160000
Male	2667.160000	2671.180000
Music	2671.200000	2719.780000
NOACTIVITY	2719.800000	2721.040000
Male	2721.040000	2722.380000
NOACTIVITY	2722.420000	2722.900000
Male	2722.900000	2723.400000
NOACTIVITY	2723.440000	2724.540000
Male	2724.540000	2730.260000
NOACTIVITY	2730.300000	2730.920000
Male	2730.920000	2732.720000
Female	2732.720000	2736.320000
NOACTIVITY	2736.360000	2737.000000
Female	2737.000000	2738.960000
NOACTIVITY	2739.000000	2739.600000
Male	2739.600000	2743.320000
Female	2743.320000	2746.140000
NOACTIVITY	2746.180000	2747.960000
Male	2747.960000	2748.300000
NOACTIVITY	2748.340000	2749.000000
Male	2749.000000	2754.000000
NOACTIVITY	2754.040000	2758.560000
Female	2758.560000	2761.700000
Male	2761.700000	2762.320000
NOACTIVITY	2762.360000	2762.960000
Male	2762.960000	2764.280000
NOACTIVITY	2764.320000	2766.900000
Male	2766.900000	2773.880000
Female	2773.880000	2776.060000
NOACTIVITY	2776.100000	2776.520000
Female	2776.520000	2777.000000
NOACTIVITY	2777.040000	2777.580000
Female	2777.580000	2778.200000
NOACTIVITY	2778.240000	2779.840000
Female	2779.840000	2780.600000
NOACTIVITY	2780.640000	2781.200000
Female	2781.200000	2788.060000
NOACTIVITY	2788.100000	2790.180000
Female	2790.180000	2801.360000
NOACTIVITY	2801.400000	2802.600000
Female	2802.600000	2805.940000
NOACTIVITY	2805.980000	2806.520000
Female	2806.520000	2811.360000
NOACTIVITY	2811.400000	2812.520000
Female	2812.520000	2816.800000
NOACTIVITY	2816.840000	2817.240000
Female	2817.240000	2824.480000
NOACTIVITY	2824.520000	2825.100000
Female	2825.100000	2827.280000
NOACTIVITY	2827.320000	2827.880000
Female	2827.880000	2828.780000
NOACTIVITY	2828.820000	2829.680000
Female	2829.680000	2831.080000
NOACTIVITY	2831.120000	2831.660000
Female	2831.660000	2832.720000
NOACTIVITY	2832.760000	2834.120000
Male	2834.120000	2835.460000
NOACTIVITY	2835.500000	2836.640000
Female	2836.640000	2838.440000
NOACTIVITY	2838.480000	2842.820000
Female	2842.820000	2858.180000
NOACTIVITY	2858.220000	2860.460000
Music	2860.460000	2966.120000
Female	2966.120000	2969.280000
Music	2969.300000	2972.900000
NOACTIVITY	2972.920000	2974.500000
Male	2974.500000	2980.240000
Music	2980.260000	3042.100000
Female	3042.100000	3046.120000
Music	3046.140000	3051.220000
Male	3051.220000	3055.920000
Music	3055.940000	3058.160000
Male	3058.160000	3060.180000
Music	3060.200000	3075.800000
NOACTIVITY	3075.820000	3078.740000
Male	3078.740000	3083.820000
Music	3083.840000	3098.460000
Female	3098.460000	3101.880000
Music	3101.900000	3123.300000
NOACTIVITY	3123.320000	3124.320000
Music	3124.320000	3124.860000
NOACTIVITY	3124.880000	3130.940000
Male	3130.940000	3139.160000
Female	3139.160000	3140.340000
NOACTIVITY	3140.380000	3140.860000
Male	3140.860000	3141.340000
NOACTIVITY	3141.380000	3141.960000
Male	3141.960000	3143.200000
NOACTIVITY	3143.240000	3143.940000
Male	3143.940000	3145.700000
NOACTIVITY	3145.740000	3147.360000
Male	3147.360000	3149.100000
Female	3149.100000	3153.620000
NOACTIVITY	3153.660000	3154.240000
Male	3154.240000	3158.820000
Female	3158.820000	3166.320000
Male	3166.320000	3171.840000
NOACTIVITY	3171.880000	3172.620000
Female	3172.620000	3172.900000
NOACTIVITY	3172.940000	3174.320000
Female	3174.320000	3175.540000
Male	3175.540000	3182.380000
NOACTIVITY	3182.420000	3183.980000
Male	3183.980000	3186.000000
NOACTIVITY	3186.040000	3188.880000
Female	3188.880000	3189.940000
NOACTIVITY	3189.980000	3190.480000
Female	3190.480000	3192.980000
NOACTIVITY	3193.020000	3193.640000
Female	3193.640000	3195.100000
NOACTIVITY	3195.140000	3196.060000
Male	3196.060000	3196.380000
NOACTIVITY	3196.420000	3197.660000
Male	3197.660000	3199.880000
Music	3199.900000	3208.140000
Male	3208.140000	3210.220000
Female	3210.220000	3212.260000
Music	3212.280000	3225.860000
Male	3225.860000	3231.880000
NOACTIVITY	3231.920000	3233.280000
Male	3233.280000	3234.080000
NOACTIVITY	3234.120000	3234.560000
Male	3234.560000	3236.480000
NOACTIVITY	3236.520000	3237.240000
Music	3237.240000	3243.820000
Female	3243.820000	3247.180000
Music	3247.200000	3258.280000
Female	3258.280000	3259.500000
Male	3259.500000	3260.260000
Music	3260.280000	3262.600000
Female	3262.600000	3267.400000
Male	3267.400000	3268.180000
NOACTIVITY	3268.220000	3268.820000
Female	3268.820000	3272.840000
Music	3272.860000	3285.000000
Female	3285.000000	3287.640000
Music	3287.660000	3288.960000
Male	3288.960000	3290.240000
NOACTIVITY	3290.280000	3290.940000
Music	3290.940000	3295.540000
Female	3295.540000	3300.080000
Music	3300.100000	3301.700000
Female	3301.700000	3307.100000
Music	3307.120000	3350.280000
NOACTIVITY	3350.300000	3352.500000
Female	3352.500000	3352.900000
NOACTIVITY	3352.940000	3358.460000
Male	3358.460000	3359.720000
NOACTIVITY	3359.760000	3361.760000
Female	3361.760000	3363.620000
NOACTIVITY	3363.660000	3364.500000
Female	3364.500000	3365.400000
NOACTIVITY	3365.440000	3365.900000
Male	3365.900000	3366.280000
NOACTIVITY	3366.320000	3367.280000
Male	3367.280000	3372.200000
NOACTIVITY	3372.240000	3372.960000
Female	3372.960000	3374.640000
NOACTIVITY	3374.680000	3376.840000
Male	3376.840000	3380.380000
NOACTIVITY	3380.420000	3381.080000
Male	3381.080000	3381.660000
NOACTIVITY	3381.700000	3382.140000
Male	3382.140000	3384.440000
NOACTIVITY	3384.480000	3386.460000
Male	3386.460000	3386.860000
NOACTIVITY	3386.900000	3388.840000
Female	3388.840000	3390.720000
NOACTIVITY	3390.760000	3392.040000
Female	3392.040000	3393.280000
NOACTIVITY	3393.320000	3394.140000
Female	3394.140000	3395.880000
NOACTIVITY	3395.920000	3396.660000
Male	3396.660000	3402.100000
NOACTIVITY	3402.140000	3402.940000
Male	3402.940000	3407.160000
NOACTIVITY	3407.200000	3407.840000
Female	3407.840000	3417.880000
Male	3417.880000	3427.500000
NOACTIVITY	3427.540000	3428.000000
Female	3428.000000	3429.020000
NOACTIVITY	3429.060000	3429.520000
Female	3429.520000	3436.420000
Male	3436.420000	3437.840000
NOACTIVITY	3437.880000	3441.660000
Male	3441.660000	3444.360000
NOACTIVITY	3444.400000	3448.020000
Music	3448.020000	3477.020000
Male	3477.020000	3480.040000
Music	3480.060000	3491.760000
Male	3491.760000	3499.540000
Music	3499.560000	3590.060000
Female	3590.060000	3591.440000
Male	3591.440000	3592.420000
Music	3592.440000	3606.200000
NOACTIVITY	3606.220000	3607.960000
Music	3607.960000	3610.380000
NOACTIVITY	3610.400000	3610.800000
Male	3610.800000	3611.100000
NOACTIVITY	3611.140000	3614.780000
Music	3614.780000	3617.280000
NOACTIVITY	3617.300000	3620.500000
Music	3620.500000	3628.640000
Female	3628.640000	3629.860000
NOACTIVITY	3629.900000	3631.520000
Music	3631.520000	3676.860000
NOACTIVITY	3676.880000	3677.860000
Male	3677.860000	3683.080000
Music	3683.100000	3755.360000
Male	3755.360000	3761.960000
Music	3761.980000	3836.860000
Male	3836.860000	3839.220000
Music	3839.240000	3881.180000
Female	3881.180000	3883.540000
Music	3883.560000	3984.860000
NOACTIVITY	3984.880000	3986.060000
Male	3986.060000	3987.100000
NOACTIVITY	3987.140000	3988.280000
Male	3988.280000	3988.760000
NOACTIVITY	3988.800000	3990.040000
Female	3990.040000	3993.240000
Music	3993.260000	4012.500000
Male	4012.500000	4013.700000
Female	4013.700000	4016.320000
Male	4016.320000	4022.740000
NOACTIVITY	4022.780000	4023.960000
Female	4023.960000	4025.220000
Male	4025.220000	4031.800000
Female	4031.800000	4033.040000
Male	4033.040000	4034.740000
Female	4034.740000	4036.700000
Male	4036.700000	4039.940000
Female	4039.940000	4046.780000
Male	4046.780000	4048.100000
Music	4048.120000	4061.640000
Male	4061.640000	4064.420000
Female	4064.420000	4069.060000
Music	4069.080000	4073.480000
Female	4073.480000	4076.420000
Music	4076.440000	4089.520000
Male	4089.520000	4103.700000
Music	4103.720000	4116.740000
Male	4116.740000	4129.860000
Music	4129.880000	4140.300000
Male	4140.300000	4143.680000
Music	4143.700000	4146.320000
Male	4146.320000	4154.140000
Music	4154.160000	4164.080000
Male	4164.080000	4166.200000
Female	4166.200000	4169.480000
Music	4169.500000	4185.600000
Male	4185.600000	4190.140000
Music	4190.160000	4222.040000
Male	4222.040000	4225.960000
Female	4225.960000	4227.540000
Male	4227.540000	4232.640000
Female	4232.640000	4234.620000
Male	4234.620000	4243.800000
Music	4243.820000	4249.580000
Female	4249.580000	4253.280000
NOACTIVITY	4253.320000	4254.700000
Female	4254.700000	4256.320000
Music	4256.340000	4277.160000
Male	4277.160000	4282.880000
Female	4282.880000	4286.040000
Male	4286.040000	4287.340000
Female	4287.340000	4290.480000
Music	4290.500000	4293.060000
Female	4293.060000	4298.880000
Music	4298.900000	4314.660000
Female	4314.660000	4316.640000
Male	4316.640000	4320.460000
Female	4320.460000	4327.500000
Male	4327.500000	4332.460000
Music	4332.480000	4357.600000
NOACTIVITY	4357.620000	4358.100000
Male	4358.100000	4359.180000
NOACTIVITY	4359.220000	4360.120000
Female	4360.120000	4366.420000
Music	4366.440000	4367.800000
Female	4367.800000	4369.240000
Male	4369.240000	4376.140000
Music	4376.160000	4388.160000
Female	4388.160000	4391.280000
Male	4391.280000	4395.340000
NOACTIVITY	4395.380000	4395.860000
Male	4395.860000	4399.380000
NOACTIVITY	4399.420000	4400.140000
Male	4400.140000	4402.540000
NOACTIVITY	4402.580000	4403.080000
Male	4403.080000	4408.720000
NOACTIVITY	4408.760000	4409.740000
Music	4409.740000	4411.800000
NOACTIVITY	4411.820000	4413.900000
Male	4413.900000	4419.380000
Music	4419.400000	4427.140000
Female	4427.140000	4428.260000
Music	4428.280000	4438.820000
Male	4438.820000	4450.040000
Female	4450.040000	4453.140000
Music	4453.160000	4458.020000
Male	4458.020000	4466.580000
Music	4466.600000	4473.940000
Male	4473.940000	4477.740000
Music	4477.760000	4480.600000
Male	4480.600000	4484.740000
Music	4484.760000	4489.140000
Male	4489.140000	4497.640000
Music	4497.660000	4507.200000
Male	4507.200000	4536.900000
Music	4536.920000	4540.980000
Female	4540.980000	4544.020000
Male	4544.020000	4545.300000
Music	4545.320000	4550.400000
Male	4550.400000	4564.260000
Music	4564.280000	4567.780000
Female	4567.780000	4570.240000
Male	4570.240000	4571.720000
Female	4571.720000	4573.580000
Male	4573.580000	4576.520000
Music	4576.540000	4588.280000
Female	4588.280000	4590.580000
NOACTIVITY	4590.620000	4591.600000
Male	4591.600000	4593.140000
NOACTIVITY	4593.180000	4594.200000
Male	4594.200000	4595.180000
NOACTIVITY	4595.220000	4596.180000
Female	4596.180000	4600.260000
NOACTIVITY	4600.300000	4600.760000
Male	4600.760000	4601.780000
NOACTIVITY	4601.820000	4602.460000
Male	4602.460000	4606.840000
NOACTIVITY	4606.880000	4607.520000
Male	4607.520000	4617.860000
Music	4617.880000	4678.760000
NOACTIVITY	4678.780000	4679.600000
Male	4679.600000	4685.820000
NOACTIVITY	4685.860000	4686.700000
Female	4686.700000	4687.180000
NOACTIVITY	4687.220000	4688.100000
Female	4688.100000	4688.820000
NOACTIVITY	4688.860000	4690.120000
Male	4690.120000	4695.920000
NOACTIVITY	4695.960000	4696.440000
Female	4696.440000	4696.980000
NOACTIVITY	4697.020000	4697.440000
Male	4697.440000	4699.120000
NOACTIVITY	4699.160000	4699.660000
Male	4699.660000	4701.560000
Female	4701.560000	4705.780000
Music	4705.800000	4874.280000
Male	4874.280000	4879.340000
Music	4879.360000	4883.460000
Female	4883.460000	4885.080000
Male	4885.080000	4901.780000
Music	4901.800000	4904.220000
Male	4904.220000	4908.140000
Female	4908.140000	4910.340000
Male	4910.340000	4915.000000
Music	4915.020000	4921.740000
Male	4921.740000	4926.520000
Music	4926.540000	4928.760000
Female	4928.760000	4931.640000
Male	4931.640000	4932.820000
Music	4932.840000	4956.960000
Male	4956.960000	4962.200000
Female	4962.200000	4963.800000
Male	4963.800000	4965.800000
Music	4965.820000	4975.940000
Male	4975.940000	4985.520000
Music	4985.540000	4991.740000
Male	4991.740000	4998.460000
Music	4998.480000	5003.020000
Male	5003.020000	5013.340000
Music	5013.360000	5023.020000
Male	5023.020000	5037.740000
Music	5037.760000	5046.340000
Female	5046.340000	5047.960000
Music	5047.980000	5234.720000
Male	5234.720000	5238.820000
Music	5238.840000	5299.680000
Male	5299.680000	5301.160000
NOACTIVITY	5301.200000	5302.100000
Male	5302.100000	5302.540000
NOACTIVITY	5302.580000	5303.820000
Male	5303.820000	5304.620000
Music	5304.640000	5312.000000
NOACTIVITY	5312.020000	5313.200000
Male	5313.200000	5313.760000
NOACTIVITY	5313.800000	5314.600000
Male	5314.600000	5315.320000
NOACTIVITY	5315.360000	5316.360000
Male	5316.360000	5316.800000
NOACTIVITY	5316.840000	5319.080000
Music	5319.080000	5319.600000
NOACTIVITY	5319.620000	5320.680000
Music	5320.680000	5324.160000
NOACTIVITY	5324.180000	5324.680000
Male	5324.680000	5328.360000
NOACTIVITY	5328.400000	5329.100000
Music	5329.100000	5367.300000
NOACTIVITY	5367.320000	5368.940000
Music	5368.940000	5383.540000
NOACTIVITY	5383.560000	5383.980000
Music	5383.980000	5395.220000
NOACTIVITY	5395.240000	5395.980000
Music	5395.980000	5426.880000
NOACTIVITY	5426.900000	5427.300000
Female	5427.300000	5428.380000
Music	5428.400000	5432.280000
NOACTIVITY	5432.300000	5433.120000
Music	5433.120000	5436.460000
NOACTIVITY	5436.480000	5436.900000
Music	5436.900000	5437.240000
NOACTIVITY	5437.260000	5437.920000
Female	5437.920000	5440.520000
Male	5440.520000	5441.760000
Female	5441.760000	5442.960000
NOACTIVITY	5443.000000	5443.620000
Music	5443.620000	5453.660000
NOACTIVITY	5453.680000	5454.820000
Music	5454.820000	5455.820000
NOACTIVITY	5455.840000	5456.600000
Music	5456.600000	5589.440000
NOACTIVITY	5589.460000	5590.200000
Music	5590.200000	5591.000000
NOACTIVITY	5591.020000	5593.240000
Female	5593.240000	5596.880000
NOACTIVITY	5596.920000	5597.600000
Female	5597.600000	5597.820000
NOACTIVITY	5597.860000	5599.140000
Female	5599.140000	5599.700000
NOACTIVITY	5599.740000	5600.200000
Female	5600.200000	5602.060000
Male	5602.060000	5603.700000
NOACTIVITY	5603.740000	5607.660000
Male	5607.660000	5608.440000
NOACTIVITY	5608.480000	5609.620000
Male	5609.620000	5610.240000
NOACTIVITY	5610.280000	5613.180000
Female	5613.180000	5613.800000
NOACTIVITY	5613.840000	5614.720000
Female	5614.720000	5615.440000
NOACTIVITY	5615.480000	5620.720000
Female	5620.720000	5621.340000
NOACTIVITY	5621.380000	5625.220000
Female	5625.220000	5625.640000
NOACTIVITY	5625.680000	5628.880000
Male	5628.880000	5629.160000
NOACTIVITY	5629.200000	5642.200000
Female	5642.200000	5642.740000
NOACTIVITY	5642.780000	5643.420000
Female	5643.420000	5643.700000
NOACTIVITY	5643.740000	5645.900000
Male	5645.900000	5646.560000
NOACTIVITY	5646.600000	5647.840000
Male	5647.840000	5648.260000
NOACTIVITY	5648.300000	5671.000000
Male	5671.000000	5671.980000
NOACTIVITY	5672.020000	5677.920000
Music	5677.920000	5678.180000
NOACTIVITY	5678.200000	5678.920000
Male	5678.920000	5680.160000
NOACTIVITY	5680.200000	5683.980000
Female	5683.980000	5684.480000
NOACTIVITY	5684.520000	5686.260000
Female	5686.260000	5687.240000
NOACTIVITY	5687.280000	5688.160000
Female	5688.160000	5688.580000
NOACTIVITY	5688.620000	5689.720000
Male	5689.720000	5689.980000
NOACTIVITY	5690.020000	5691.660000
Male	5691.660000	5692.960000
NOACTIVITY	5693.000000	5693.400000
Male	5693.400000	5693.640000
NOACTIVITY	5693.680000	5694.980000
Female	5694.980000	5696.480000
NOACTIVITY	5696.520000	5697.280000
Male	5697.280000	5697.640000
NOACTIVITY	5697.680000	5698.160000
Male	5698.160000	5699.480000
NOACTIVITY	5699.520000	5700.320000
Female	5700.320000	5700.760000
NOACTIVITY	5700.800000	5701.780000
Male	5701.780000	5702.020000
NOACTIVITY	5702.060000	5702.780000
Male	5702.780000	5703.200000
NOACTIVITY	5703.240000	5703.840000
Male	5703.840000	5704.260000
NOACTIVITY	5704.300000	5705.240000
Female	5705.240000	5706.580000
NOACTIVITY	5706.620000	5707.680000
Male	5707.680000	5708.760000
Female	5708.760000	5709.920000
NOACTIVITY	5709.960000	5711.220000
Male	5711.220000	5712.200000
NOACTIVITY	5712.240000	5716.780000
Music	5716.780000	5717.260000
NOACTIVITY	5717.280000	5717.960000
Music	5717.960000	5726.060000
NOACTIVITY	5726.080000	5726.660000
Male	5726.660000	5727.780000
Music	5727.800000	5735.060000
Male	5735.060000	5737.700000
NOACTIVITY	5737.740000	5739.640000
Male	5739.640000	5740.080000
NOACTIVITY	5740.120000	5740.820000
Music	5740.820000	5742.460000
Male	5742.460000	5744.120000
NOACTIVITY	5744.160000	5745.320000
Music	5745.320000	5751.260000
NOACTIVITY	5751.280000	5751.880000
Music	5751.880000	5756.240000
NOACTIVITY	5756.260000	5756.700000
Music	5756.700000	5856.240000
NOACTIVITY	5856.260000	5858.380000
Music	5858.380000	5859.160000
NOACTIVITY	5859.180000	5859.680000
Music	5859.680000	6111.260000
NOACTIVITY	6111.280000	6111.740000
Music	6111.740000	6124.300000
NOACTIVITY	6124.320000	6127.000000
Music	6127.000000	6385.000000
NOACTIVITY	6385.020000	6394.400000
